name,caption,story,source,notes
"IMG_0676.jpeg","Firehouse - March 2025 ","","Fire Source","Fire note"
"IMG_0867.jpeg","Ths is an example of a long caption blah blah balh blah blah balh blah blah balh blah blah balh blah blah balh blah blah balh blah blah balh","","Jane Doe"," "
"IMG_0920.jpeg","VO Street Work for ATT Fiber","",""," "
"IMG_0865.jpeg","Patio at 471 at VO\n","","Donna T.\n",""
"482238365_10235675672335271_5505073588828826786_n.jpg","Sunset","","Sun source","Sun note"
"IMG_0879.jpeg","Sandra","Story Test","",""
"IMG_0915.jpeg","Sunset","Sunset from Mallory Pier in Key West","",""
"IMG_3023.jpeg","jkjhkjkj","","",""
"IMG_3024.jpeg","jhkjhkjhkj. jkjh ","","",""
"IMG_2630.jpeg","blah blah 2","","",""
"IMG_3020.jpeg","blahblah 1","","",""
"431167935_10159941623611080_8339353410307585855_n.jpg","Caption test","Roadpost signs like this are common in the carribean.  RickT, 4/22/25 ","",""